-- MySQL Script generated by MySQL Workbench
-- 11/27/15 15:13:55
-- Model: New Model    Version: 1.0
-- MySQL Workbench Forward Engineering

SET @OLD_UNIQUE_CHECKS=@@UNIQUE_CHECKS, UNIQUE_CHECKS=0;
SET @OLD_FOREIGN_KEY_CHECKS=@@FOREIGN_KEY_CHECKS, FOREIGN_KEY_CHECKS=0;
SET @OLD_SQL_MODE=@@SQL_MODE, SQL_MODE='TRADITIONAL,ALLOW_INVALID_DATES';

-- -----------------------------------------------------
-- Schema Colegio
-- -----------------------------------------------------
DROP SCHEMA IF EXISTS `Colegio` ;

-- -----------------------------------------------------
-- Schema Colegio
-- -----------------------------------------------------
CREATE SCHEMA IF NOT EXISTS `Colegio` DEFAULT CHARACTER SET utf8 COLLATE utf8_general_ci ;
USE `Colegio` ;

-- -----------------------------------------------------
-- Table `Colegio`.`Docentes`
-- -----------------------------------------------------
DROP TABLE IF EXISTS `Colegio`.`Docentes` ;

CREATE TABLE IF NOT EXISTS `Colegio`.`Docentes` (
  `Cod_Docente` INT NOT NULL AUTO_INCREMENT,
  `Nombres` VARCHAR(45) NULL,
  `Apellidos` VARCHAR(45) NULL,
  `Direccion` VARCHAR(45) NULL,
  `Telefono` VARCHAR(45) NULL,
  `email` VARCHAR(45) NULL,
  PRIMARY KEY (`Cod_Docente`))
ENGINE = InnoDB;


-- -----------------------------------------------------
-- Table `Colegio`.`departamento`
-- -----------------------------------------------------
DROP TABLE IF EXISTS `Colegio`.`departamento` ;

CREATE TABLE IF NOT EXISTS `Colegio`.`departamento` (
  `id` INT NOT NULL,
  `nombre` VARCHAR(45) NULL,
  PRIMARY KEY (`id`))
ENGINE = InnoDB;


-- -----------------------------------------------------
-- Table `Colegio`.`Alumnos`
-- -----------------------------------------------------
DROP TABLE IF EXISTS `Colegio`.`Alumnos` ;

CREATE TABLE IF NOT EXISTS `Colegio`.`Alumnos` (
  `id_Estudiante` INT NOT NULL AUTO_INCREMENT,
  `Nombre` VARCHAR(45) NULL,
  `Apellidos` VARCHAR(45) NULL,
  `Sexo` VARCHAR(45) NULL,
  `Fecha_nac` DATE NULL,
  `Direccion` VARCHAR(45) NULL,
  `Telefono` VARCHAR(45) NULL,
  `Email` VARCHAR(45) NULL,
  `departamento_id` INT NOT NULL,
  PRIMARY KEY (`id_Estudiante`),
  INDEX `fk_Alumnos_departamento1_idx` (`departamento_id` ASC),
  CONSTRAINT `fk_Alumnos_departamento1`
    FOREIGN KEY (`departamento_id`)
    REFERENCES `Colegio`.`departamento` (`id`)
    ON DELETE NO ACTION
    ON UPDATE NO ACTION)
ENGINE = InnoDB;


-- -----------------------------------------------------
-- Table `Colegio`.`Nivel`
-- -----------------------------------------------------
DROP TABLE IF EXISTS `Colegio`.`Nivel` ;

CREATE TABLE IF NOT EXISTS `Colegio`.`Nivel` (
  `idNivel` INT NOT NULL AUTO_INCREMENT,
  `Nombre` VARCHAR(45) NULL,
  PRIMARY KEY (`idNivel`))
ENGINE = InnoDB;


-- -----------------------------------------------------
-- Table `Colegio`.`Seccion`
-- -----------------------------------------------------
DROP TABLE IF EXISTS `Colegio`.`Seccion` ;

CREATE TABLE IF NOT EXISTS `Colegio`.`Seccion` (
  `idSeccion` INT NOT NULL AUTO_INCREMENT,
  `Nombre` VARCHAR(45) NULL,
  PRIMARY KEY (`idSeccion`))
ENGINE = InnoDB;


-- -----------------------------------------------------
-- Table `Colegio`.`Grado`
-- -----------------------------------------------------
DROP TABLE IF EXISTS `Colegio`.`Grado` ;

CREATE TABLE IF NOT EXISTS `Colegio`.`Grado` (
  `idGrado` INT NOT NULL AUTO_INCREMENT,
  `Nombre` VARCHAR(45) NULL,
  `Seccion_idSeccion` INT NOT NULL,
  `Docentes_Cod_Docente` INT NOT NULL,
  PRIMARY KEY (`idGrado`),
  INDEX `fk_Grado_Seccion1_idx` (`Seccion_idSeccion` ASC),
  INDEX `fk_Grado_Docentes1_idx` (`Docentes_Cod_Docente` ASC),
  CONSTRAINT `fk_Grado_Seccion1`
    FOREIGN KEY (`Seccion_idSeccion`)
    REFERENCES `Colegio`.`Seccion` (`idSeccion`)
    ON DELETE NO ACTION
    ON UPDATE NO ACTION,
  CONSTRAINT `fk_Grado_Docentes1`
    FOREIGN KEY (`Docentes_Cod_Docente`)
    REFERENCES `Colegio`.`Docentes` (`Cod_Docente`)
    ON DELETE NO ACTION
    ON UPDATE NO ACTION)
ENGINE = InnoDB;


-- -----------------------------------------------------
-- Table `Colegio`.`Incripciones`
-- -----------------------------------------------------
DROP TABLE IF EXISTS `Colegio`.`Incripciones` ;

CREATE TABLE IF NOT EXISTS `Colegio`.`Incripciones` (
  `idIncripciones` INT NOT NULL AUTO_INCREMENT,
  `id_Estudiante` INT NOT NULL,
  `idNivel` INT NOT NULL,
  `idGrado` INT NOT NULL,
  `Fecha` DATE NULL,
  PRIMARY KEY (`idIncripciones`),
  INDEX `fk_Incripciones_Alumnos1_idx` (`id_Estudiante` ASC),
  INDEX `fk_Incripciones_Nivel1_idx` (`idNivel` ASC),
  INDEX `fk_Incripciones_Grado1_idx` (`idGrado` ASC),
  CONSTRAINT `fk_Incripciones_Alumnos1`
    FOREIGN KEY (`id_Estudiante`)
    REFERENCES `Colegio`.`Alumnos` (`id_Estudiante`)
    ON DELETE NO ACTION
    ON UPDATE NO ACTION,
  CONSTRAINT `fk_Incripciones_Nivel1`
    FOREIGN KEY (`idNivel`)
    REFERENCES `Colegio`.`Nivel` (`idNivel`)
    ON DELETE NO ACTION
    ON UPDATE NO ACTION,
  CONSTRAINT `fk_Incripciones_Grado1`
    FOREIGN KEY (`idGrado`)
    REFERENCES `Colegio`.`Grado` (`idGrado`)
    ON DELETE NO ACTION
    ON UPDATE NO ACTION)
ENGINE = InnoDB;


-- -----------------------------------------------------
-- Table `Colegio`.`Notas`
-- -----------------------------------------------------
DROP TABLE IF EXISTS `Colegio`.`Notas` ;

CREATE TABLE IF NOT EXISTS `Colegio`.`Notas` (
  `idNotas` INT NOT NULL AUTO_INCREMENT,
  `Nota` VARCHAR(45) NULL,
  `idIncripciones` INT NOT NULL,
  PRIMARY KEY (`idNotas`),
  INDEX `fk_Notas_Incripciones1_idx` (`idIncripciones` ASC),
  CONSTRAINT `fk_Notas_Incripciones1`
    FOREIGN KEY (`idIncripciones`)
    REFERENCES `Colegio`.`Incripciones` (`idIncripciones`)
    ON DELETE NO ACTION
    ON UPDATE NO ACTION)
ENGINE = InnoDB;


-- -----------------------------------------------------
-- Table `Colegio`.`cursos`
-- -----------------------------------------------------
DROP TABLE IF EXISTS `Colegio`.`cursos` ;

CREATE TABLE IF NOT EXISTS `Colegio`.`cursos` (
  `idcursos` INT NOT NULL AUTO_INCREMENT,
  `nombre` VARCHAR(45) NULL,
  `Docentes_Cod_Docente` INT NOT NULL,
  PRIMARY KEY (`idcursos`),
  INDEX `fk_cursos_Docentes2_idx` (`Docentes_Cod_Docente` ASC),
  CONSTRAINT `fk_cursos_Docentes2`
    FOREIGN KEY (`Docentes_Cod_Docente`)
    REFERENCES `Colegio`.`Docentes` (`Cod_Docente`)
    ON DELETE NO ACTION
    ON UPDATE NO ACTION)
ENGINE = InnoDB;


SET SQL_MODE=@OLD_SQL_MODE;
SET FOREIGN_KEY_CHECKS=@OLD_FOREIGN_KEY_CHECKS;
SET UNIQUE_CHECKS=@OLD_UNIQUE_CHECKS;

-- -----------------------------------------------------
-- Data for table `Colegio`.`Docentes`
-- -----------------------------------------------------
START TRANSACTION;
USE `Colegio`;
INSERT INTO `Colegio`.`Docentes` (`Cod_Docente`, `Nombres`, `Apellidos`, `Direccion`, `Telefono`, `email`) VALUES (1, 'Juan', 'Orozco', 'San Pedro', '12457812', 'Juan@gmail.com');
INSERT INTO `Colegio`.`Docentes` (`Cod_Docente`, `Nombres`, `Apellidos`, `Direccion`, `Telefono`, `email`) VALUES (2, 'Maria', 'Perez', 'San Marcos', '25458712', 'perez@yahoo.com');
INSERT INTO `Colegio`.`Docentes` (`Cod_Docente`, `Nombres`, `Apellidos`, `Direccion`, `Telefono`, `email`) VALUES (3, 'Pedro', 'Orozco', 'San Antonio', '56235487', 'orozco@hotmail.com');
INSERT INTO `Colegio`.`Docentes` (`Cod_Docente`, `Nombres`, `Apellidos`, `Direccion`, `Telefono`, `email`) VALUES (4, 'Jorge', 'Fuentes', 'San Icidro', '124578451', 'fuentes@gmail.com');
INSERT INTO `Colegio`.`Docentes` (`Cod_Docente`, `Nombres`, `Apellidos`, `Direccion`, `Telefono`, `email`) VALUES (5, 'Carlos', 'Garcia', 'San Pedro', '56525485', 'garcia@yahoo.com');
INSERT INTO `Colegio`.`Docentes` (`Cod_Docente`, `Nombres`, `Apellidos`, `Direccion`, `Telefono`, `email`) VALUES (6, 'Carla', 'Monzon', 'San Marcos', '565855236', 'monzon@gmail.com');
INSERT INTO `Colegio`.`Docentes` (`Cod_Docente`, `Nombres`, `Apellidos`, `Direccion`, `Telefono`, `email`) VALUES (7, 'Marleny', 'Villatoro', 'San Pedro', '25369685', 'villatoro@yahoo.es');
INSERT INTO `Colegio`.`Docentes` (`Cod_Docente`, `Nombres`, `Apellidos`, `Direccion`, `Telefono`, `email`) VALUES (8, 'Fernando', 'Rosales', 'Malacatan', '78602325', 'rosales@gmail.com');
INSERT INTO `Colegio`.`Docentes` (`Cod_Docente`, `Nombres`, `Apellidos`, `Direccion`, `Telefono`, `email`) VALUES (9, 'Fernanda', 'Cifuentes', 'San Rafael', '77602528', 'cifuentes@hotmail.com');

COMMIT;


-- -----------------------------------------------------
-- Data for table `Colegio`.`departamento`
-- -----------------------------------------------------
START TRANSACTION;
USE `Colegio`;
INSERT INTO `Colegio`.`departamento` (`id`, `nombre`) VALUES (1, 'Guatemala');
INSERT INTO `Colegio`.`departamento` (`id`, `nombre`) VALUES (2, 'San Marcos');
INSERT INTO `Colegio`.`departamento` (`id`, `nombre`) VALUES (3, 'Zacapa');
INSERT INTO `Colegio`.`departamento` (`id`, `nombre`) VALUES (4, NULL);
INSERT INTO `Colegio`.`departamento` (`id`, `nombre`) VALUES (5, NULL);
INSERT INTO `Colegio`.`departamento` (`id`, `nombre`) VALUES (6, NULL);
INSERT INTO `Colegio`.`departamento` (`id`, `nombre`) VALUES (7, NULL);
INSERT INTO `Colegio`.`departamento` (`id`, `nombre`) VALUES (8, NULL);
INSERT INTO `Colegio`.`departamento` (`id`, `nombre`) VALUES (9, NULL);
INSERT INTO `Colegio`.`departamento` (`id`, `nombre`) VALUES (10, NULL);
INSERT INTO `Colegio`.`departamento` (`id`, `nombre`) VALUES (11, NULL);
INSERT INTO `Colegio`.`departamento` (`id`, `nombre`) VALUES (12, NULL);
INSERT INTO `Colegio`.`departamento` (`id`, `nombre`) VALUES (13, NULL);
INSERT INTO `Colegio`.`departamento` (`id`, `nombre`) VALUES (14, NULL);
INSERT INTO `Colegio`.`departamento` (`id`, `nombre`) VALUES (15, NULL);
INSERT INTO `Colegio`.`departamento` (`id`, `nombre`) VALUES (16, NULL);
INSERT INTO `Colegio`.`departamento` (`id`, `nombre`) VALUES (17, NULL);
INSERT INTO `Colegio`.`departamento` (`id`, `nombre`) VALUES (18, NULL);
INSERT INTO `Colegio`.`departamento` (`id`, `nombre`) VALUES (19, NULL);
INSERT INTO `Colegio`.`departamento` (`id`, `nombre`) VALUES (20, NULL);
INSERT INTO `Colegio`.`departamento` (`id`, `nombre`) VALUES (21, NULL);
INSERT INTO `Colegio`.`departamento` (`id`, `nombre`) VALUES (22, NULL);

COMMIT;


-- -----------------------------------------------------
-- Data for table `Colegio`.`Alumnos`
-- -----------------------------------------------------
START TRANSACTION;
USE `Colegio`;
INSERT INTO `Colegio`.`Alumnos` (`id_Estudiante`, `Nombre`, `Apellidos`, `Sexo`, `Fecha_nac`, `Direccion`, `Telefono`, `Email`, `departamento_id`) VALUES (1, 'Jose', 'Navarro', 'M', '12/12/12', 'san pedro', '111', 'jose@gmail.com', 1);

COMMIT;


-- -----------------------------------------------------
-- Data for table `Colegio`.`Nivel`
-- -----------------------------------------------------
START TRANSACTION;
USE `Colegio`;
INSERT INTO `Colegio`.`Nivel` (`idNivel`, `Nombre`) VALUES (1, 'normal');
INSERT INTO `Colegio`.`Nivel` (`idNivel`, `Nombre`) VALUES (2, 'becado');

COMMIT;


-- -----------------------------------------------------
-- Data for table `Colegio`.`Seccion`
-- -----------------------------------------------------
START TRANSACTION;
USE `Colegio`;
INSERT INTO `Colegio`.`Seccion` (`idSeccion`, `Nombre`) VALUES (1, 'A');

COMMIT;


-- -----------------------------------------------------
-- Data for table `Colegio`.`Grado`
-- -----------------------------------------------------
START TRANSACTION;
USE `Colegio`;
INSERT INTO `Colegio`.`Grado` (`idGrado`, `Nombre`, `Seccion_idSeccion`, `Docentes_Cod_Docente`) VALUES (1, 'primero', 1, 1);
INSERT INTO `Colegio`.`Grado` (`idGrado`, `Nombre`, `Seccion_idSeccion`, `Docentes_Cod_Docente`) VALUES (2, 'segundo', 1, 2);
INSERT INTO `Colegio`.`Grado` (`idGrado`, `Nombre`, `Seccion_idSeccion`, `Docentes_Cod_Docente`) VALUES (3, 'tercero', 1, 4);
INSERT INTO `Colegio`.`Grado` (`idGrado`, `Nombre`, `Seccion_idSeccion`, `Docentes_Cod_Docente`) VALUES (4, 'cuarto', 1, 5);
INSERT INTO `Colegio`.`Grado` (`idGrado`, `Nombre`, `Seccion_idSeccion`, `Docentes_Cod_Docente`) VALUES (5, 'quinto', 1, 6);
INSERT INTO `Colegio`.`Grado` (`idGrado`, `Nombre`, `Seccion_idSeccion`, `Docentes_Cod_Docente`) VALUES (6, 'sexto', 1, 3);

COMMIT;


-- -----------------------------------------------------
-- Data for table `Colegio`.`Incripciones`
-- -----------------------------------------------------
START TRANSACTION;
USE `Colegio`;
INSERT INTO `Colegio`.`Incripciones` (`idIncripciones`, `id_Estudiante`, `idNivel`, `idGrado`, `Fecha`) VALUES (1, 1, 1, 1, '12/12/12');

COMMIT;


-- -----------------------------------------------------
-- Data for table `Colegio`.`cursos`
-- -----------------------------------------------------
START TRANSACTION;
USE `Colegio`;
INSERT INTO `Colegio`.`cursos` (`idcursos`, `nombre`, `Docentes_Cod_Docente`) VALUES (1, 'matematica', 1);
INSERT INTO `Colegio`.`cursos` (`idcursos`, `nombre`, `Docentes_Cod_Docente`) VALUES (2, 'idioma español', 2);
INSERT INTO `Colegio`.`cursos` (`idcursos`, `nombre`, `Docentes_Cod_Docente`) VALUES (3, 'ciencias sociales', 3);
INSERT INTO `Colegio`.`cursos` (`idcursos`, `nombre`, `Docentes_Cod_Docente`) VALUES (4, 'ciencias naturales', 4);
INSERT INTO `Colegio`.`cursos` (`idcursos`, `nombre`, `Docentes_Cod_Docente`) VALUES (5, 'educacion fisica', 5);
INSERT INTO `Colegio`.`cursos` (`idcursos`, `nombre`, `Docentes_Cod_Docente`) VALUES (6, 'ingles', 6);
INSERT INTO `Colegio`.`cursos` (`idcursos`, `nombre`, `Docentes_Cod_Docente`) VALUES (7, 'computacion', 1);

COMMIT;

